,商品标题,商品价格,商品地址,出厂商,门店地址
0,VUVUZELA厂家直销现货供应85cm涤丝布沙滩伞 带塑料转向 简约条纹,14.50,https://www.yiwugo.com/product/detail/931392910.html?q=E5 8F 91 E5 85 89 E7 8E A,浙江上虞市顺达伞业有限公司,义乌国际商贸城二区26门1楼12街
1,SDumbrella厂家直销85cm涤丝加转向沙滩伞 条纹花色,13.80,https://www.yiwugo.com/product/detail/931275370.html?q=E5 8F 91 E5 85 89 E7 8E A,浙江上虞市顺达伞业有限公司,义乌国际商贸城二区26门1楼12街
2,达夫75/85/95CF LF 45 悬架衬套1291233 51856 35166 2N-9048-G,价格联系商家,https://www.yiwugo.com/product/detail/931328803.html?q=E5 8F 91 E5 85 89 E7 8E A,温州纳欣汽车配件有限公司,义乌国际商贸城五区109门4楼8街
3,85X30 锁体,15.00,https://www.yiwugo.com/product/detail/929704138.html?q=E5 8F 91 E5 85 89 E7 8E A,硕海五金,义乌国际商贸城二区23门2楼3街
4,85X60 锁体,15.00,https://www.yiwugo.com/product/detail/929704167.html?q=E5 8F 91 E5 85 89 E7 8E A,硕海五金,义乌国际商贸城二区23门2楼3街
5,85X45-4 锁体,15.00,https://www.yiwugo.com/product/detail/929704160.html?q=E5 8F 91 E5 85 89 E7 8E A,硕海五金,义乌国际商贸城二区23门2楼3街
6,85X50-1 锁体,15.00,https://www.yiwugo.com/product/detail/929704165.html?q=E5 8F 91 E5 85 89 E7 8E A,硕海五金,义乌国际商贸城二区23门2楼3街
7,85X20 锁体,15.00,https://www.yiwugo.com/product/detail/929704131.html?q=E5 8F 91 E5 85 89 E7 8E A,硕海五金,义乌国际商贸城二区23门2楼3街
8,万盛动漫 ONE PIEC 海贼王手办 Q版海贼王85代6款B乔巴艾斯女帝,32.00,https://www.yiwugo.com/product/detail/931213531.html?q=E5 8F 91 E5 85 89 E7 8E A,一米阳光动漫,义乌国际商贸城一区北大门1楼5街
9,B85化妆盒 带抽屉桌面化妆盒 收纳盒,价格联系商家,https://www.yiwugo.com/product/detail/930227836.html?q=E5 8F 91 E5 85 89 E7 8E A,台州市黄岩琛琛塑胶,义乌国际商贸城四区74门2楼26街
10,B85塑料手提箱 手提药箱 多功能收纳箱,价格联系商家,https://www.yiwugo.com/product/detail/930318155.html?q=E5 8F 91 E5 85 89 E7 8E A,台州市黄岩琛琛塑胶,义乌国际商贸城四区74门2楼26街
11,B85便携小药盒 塑料药盒 星期药盒 多功能收纳盒,价格联系商家,https://www.yiwugo.com/product/detail/930320766.html?q=E5 8F 91 E5 85 89 E7 8E A,台州市黄岩琛琛塑胶,义乌国际商贸城四区74门2楼26街
12,SDumbrella厂家直销85cm牛津布沙滩伞 花色多样,13.50,https://www.yiwugo.com/product/detail/931313595.html?q=E5 8F 91 E5 85 89 E7 8E A,浙江上虞市顺达伞业有限公司,义乌国际商贸城二区26门1楼12街
13,镀蓝白锌直角钩7字L型灯钩挂钩相框弯钩M2.42.52.83.43.74.85.8,价格联系商家,https://www.yiwugo.com/product/detail/931312576.html?q=E5 8F 91 E5 85 89 E7 8E A,温州市瓯海康力标准件厂,义乌国际商贸城二区28门2楼中街
14,厂家直销 DIN85 一字槽盘头机螺钉 M4-M6,价格联系商家,https://www.yiwugo.com/product/detail/931305791.html?q=E5 8F 91 E5 85 89 E7 8E A,温州市瓯海康力标准件厂,义乌国际商贸城二区28门2楼中街
15,GB846-85镀锌沉头十字自攻螺钉DIN7982平头自攻螺丝钉ST2.2-6.3,价格联系商家,https://www.yiwugo.com/product/detail/931305697.html?q=E5 8F 91 E5 85 89 E7 8E A,温州市瓯海康力标准件厂,义乌国际商贸城二区28门2楼中街
16,DIN84 DIN85 圆柱头一字机螺丝 盘头一字机螺丝,价格联系商家,https://www.yiwugo.com/product/detail/931305680.html?q=E5 8F 91 E5 85 89 E7 8E A,温州市瓯海康力标准件厂,义乌国际商贸城二区28门2楼中街
17,适用于Nissan尼桑活塞12010-85G00 NA20S,价格联系商家,https://www.yiwugo.com/product/detail/931275515.html?q=E5 8F 91 E5 85 89 E7 8E A,温州纳欣汽车配件有限公司,义乌国际商贸城五区109门4楼8街
18,Buick别克凯越HRV宝骏610刹车片D1315 55500-85Z10 GDB4178,价格联系商家,https://www.yiwugo.com/product/detail/931263497.html?q=E5 8F 91 E5 85 89 E7 8E A,温州纳欣汽车配件有限公司,义乌国际商贸城五区109门4楼8街
19,厂家直销婴儿隔尿垫印花图案纯棉隔尿垫舒适防渗卡通隔尿垫85*90,14.00,https://www.yiwugo.com/product/detail/931294259.html?q=E5 8F 91 E5 85 89 E7 8E A,义乌市爱诗淼服装有限公司,义乌篁园服装市场1门5楼8街
20,WS-85大功率多功能电镐,价格联系商家,https://www.yiwugo.com/product/detail/929673738.html?q=E5 8F 91 E5 85 89 E7 8E A,沃森机械,义乌国际商贸城二区38门2楼8街
21,桌布 棉麻材料 尺寸85.85,24.00,https://www.yiwugo.com/product/detail/931258766.html?q=E5 8F 91 E5 85 89 E7 8E A,山东锦绣莊家纺制品有限公司,义乌国际商贸城五区南连接体门2楼3街
22,厂家直销 碳钢 304不锈钢螺钉 DIN85 一字槽盘头机螺钉,价格联系商家,https://www.yiwugo.com/product/detail/931257952.html?q=E5 8F 91 E5 85 89 E7 8E A,温州市瓯海康力标准件厂,义乌国际商贸城二区28门2楼中街
23,全棉B85，棉纱,34.00,https://www.yiwugo.com/product/detail/929975948.html?q=E5 8F 91 E5 85 89 E7 8E A,义乌永发纺织原料商行,义乌国际商贸城五区南连接体门3楼2街
24,85cm人体骨骼模型骨架带肌肉仿真玩具全身真人可拆卸医用 三指峰,100.00,https://www.yiwugo.com/product/detail/931227201.html?q=E5 8F 91 E5 85 89 E7 8E A,义乌勇奕电子商务商行,义乌国际商贸城三区51门2楼5街
25,按摩球瑜珈球85cm 健身球85cm 收腹球 健美球 加厚防爆孕妇瑜珈球郑多燕大球 收身球 瘦身球,12.00,https://www.yiwugo.com/product/detail/923193124.html?q=E5 8F 91 E5 85 89 E7 8E A,嘉华体育用品,义乌国际商贸城三区63门2楼4街
26,举重电镀杠铃杆曲杆奥杆1.2米1.5米1.8家用健身器材套装 电镀85型杠铃杆 空心环形杠铃杆,价格联系商家,https://www.yiwugo.com/product/detail/923175463.html?q=E5 8F 91 E5 85 89 E7 8E A,嘉华体育用品,义乌国际商贸城三区63门2楼4街
27,瑜珈健身球85cm 收腹球 健美球 加厚防爆孕妇瑜珈球郑多燕大球 收身球 瘦身球 运动球多色,50.00,https://www.yiwugo.com/product/detail/923190452.html?q=E5 8F 91 E5 85 89 E7 8E A,嘉华体育用品,义乌国际商贸城三区63门2楼4街
28,2.85米 铝合金 冲锋舟 冲锋艇 救灾艇 橡皮艇 0.9mm PVC充气船,价格联系商家,https://www.yiwugo.com/product/detail/925410803.html?q=E5 8F 91 E5 85 89 E7 8E A,上海吉龙塑胶制品,义乌国际商贸城三区连接体门2楼
29,MDR-EX85AP小耳机,价格联系商家,https://www.yiwugo.com/product/detail/929267531.html?q=E5 8F 91 E5 85 89 E7 8E A,鸿玉电子科技,义乌国际商贸城二区39门3楼3街
30,60W变形金刚投光灯3*20W场馆灯AC85-265V广告灯,价格联系商家,https://www.yiwugo.com/product/detail/929054069.html?q=E5 8F 91 E5 85 89 E7 8E A,金华鑫鹏照明电器有限公司,义乌国际商贸城二区5楼
31,85v-265vLED路灯 DC12V-24V路灯,价格联系商家,https://www.yiwugo.com/product/detail/929337056.html?q=E5 8F 91 E5 85 89 E7 8E A,金华鑫鹏照明电器有限公司,义乌国际商贸城二区5楼
32,【厂家直销】85cm健身瑜伽球加厚防爆瑜珈球,13.50,https://www.yiwugo.com/product/detail/926692992.html?q=E5 8F 91 E5 85 89 E7 8E A,南通三星健身器材,义乌国际商贸城三区65门2楼2街
33,健身球85cm 瑜伽球 体操球 塑身球 大龙球 瑜伽按摩球 普拉提球,20.00,https://www.yiwugo.com/product/detail/923836589.html?q=E5 8F 91 E5 85 89 E7 8E A,南通三星健身器材,义乌国际商贸城三区65门2楼2街
34,【厂家直销】瑜珈按摩球85cm加厚防爆按摩球,16.50,https://www.yiwugo.com/product/detail/926692714.html?q=E5 8F 91 E5 85 89 E7 8E A,南通三星健身器材,义乌国际商贸城三区65门2楼2街
35,厂家直销pvc85cm瑜伽球健身按摩球大龙感统玩具球刺球瑜伽刺球,14.00,https://www.yiwugo.com/product/detail/923593453.html?q=E5 8F 91 E5 85 89 E7 8E A,南通三星健身器材,义乌国际商贸城三区65门2楼2街
36,85克工业乳胶手套好三羊乳胶手套,2.50,https://www.yiwugo.com/product/detail/929225540.html?q=E5 8F 91 E5 85 89 E7 8E A,宏康劳保手套贸易公司,义乌国际商贸城二区23门2楼中街
37,joby 香皂 洗澡香皂 高级配方皂角 洗衣皂85g,0.95,https://www.yiwugo.com/product/detail/924537836.html?q=E5 8F 91 E5 85 89 E7 8E A,江苏敖广日化集团股份有限公司,义乌市下骆宅九如堂村106A号二楼
38,STARP液晶电视机4K高清智能超大显示屏85英寸,价格联系商家,https://www.yiwugo.com/product/detail/929187505.html?q=E5 8F 91 E5 85 89 E7 8E A,义乌星普电子科技,义乌国际商贸城二区43门3楼中街
39,义乌小玩具精品环保ABS材料直径6厘米 智力魔方手感超好 85,3.20,https://www.yiwugo.com/product/detail/930963926.html?q=E5 8F 91 E5 85 89 E7 8E A,妍妍玩具,浙江省金华义乌市青口工业区209号
40,85键盘USB软键盘 电脑硅胶键盘 防水硅胶键盘 静音键盘 可折叠键盘,价格联系商家,https://www.yiwugo.com/product/detail/923165148.html?q=E5 8F 91 E5 85 89 E7 8E A,伟旭电子,义乌国际商贸城二区38门3楼12街
41,纯铜电机56寸85W 3档调速吊扇,90.00,https://www.yiwugo.com/product/detail/926154879.html?q=E5 8F 91 E5 85 89 E7 8E A,义乌驰超贸易有限公司,义乌国际商贸城二区29门3楼1街
42,18丝 23*2.5cm 加厚360g水晶超柔啪啪圈 ，0.85元,0.85,https://www.yiwugo.com/product/detail/931013104.html?q=E5 8F 91 E5 85 89 E7 8E A,厚洪玩具,义乌国际商贸城一区8门1楼11街
43,85cm实心不锈钢衣架,价格联系商家,https://www.yiwugo.com/product/detail/925457428.html?q=E5 8F 91 E5 85 89 E7 8E A,虞超日用品,义乌国际商贸城四区89门2楼8街
44,厂家直销柔丝棉床上用品布料三件套六件套85,价格联系商家,https://www.yiwugo.com/product/detail/928501681.html?q=E5 8F 91 E5 85 89 E7 8E A,义乌智缘电子商务商行,义乌国际商贸城五区109门3楼3街
45,大容量海钓箱保温箱渔具钓鱼工具48升66升85升带轮子冷藏箱,价格联系商家,https://www.yiwugo.com/product/detail/930987220.html?q=E5 8F 91 E5 85 89 E7 8E A,胖哥路亚渔具钓具,义乌国际商贸城三区60门4楼6街
46,教学仪器厂家意涵（85cm）人体骨骼附神经模型教学医学展示演示,180.00,https://www.yiwugo.com/product/detail/930048684.html?q=E5 8F 91 E5 85 89 E7 8E A,江苏意涵教育科技有限公司,义乌国际商贸城五区94门5楼8街
47,教学仪器模型意涵人体肌肉模型85cm全身肌肉形态构造教学设备,198.00,https://www.yiwugo.com/product/detail/930044127.html?q=E5 8F 91 E5 85 89 E7 8E A,江苏意涵教育科技有限公司,义乌国际商贸城五区94门5楼8街
48,教学器材意涵人体骨骼85CM可拆卸医学生物教学骷髅骨头实验室仪器,109.00,https://www.yiwugo.com/product/detail/930038516.html?q=E5 8F 91 E5 85 89 E7 8E A,江苏意涵教育科技有限公司,义乌国际商贸城五区94门5楼8街
49,【浙江金珠】1812 85*60*25cm流延膜PE拼接整理袋,价格联系商家,https://www.yiwugo.com/product/detail/930395181.html?q=E5 8F 91 E5 85 89 E7 8E A,金珠日用品,义乌国际商贸城四区连接体门2楼
